X_0,Y_0,Z_0,Time_list,Temperature_list,Speed_list
-2.49374,0.317841,9.89665,0,7.41025,nan
-2.49389,0.317666,9.89308,0.001,35181.6,
-2.49404,0.317491,9.87061,0.002,54664.9,
-2.49419,0.317316,9.85133,0.003,36384,
-2.49433,0.317141,9.8853,0.004,723952,
-2.49448,0.316966,9.97861,0.005,340437,
-2.49463,0.316791,10.0088,0.006,1.73143e+006,
-2.49478,0.316616,9.82529,0.007,1.24612e+007,
-2.49492,0.316441,9.46417,0.008,964746,
-2.49507,0.316266,9.51543,0.009,6.56665e+007,
-2.49522,0.316091,10.5358,0.01,1.99445e+008,
-2.49537,0.315916,12.0313,0.011,1.41413e+008,
-2.49552,0.315741,13.2843,0.012,9.33341e+007,
-2.49567,0.315566,14.2946,0.013,5.52074e+007,
-2.49581,0.315391,15.0623,0.014,2.70336e+007,
-2.49596,0.315216,15.5873,0.015,8.81254e+006,
-2.49611,0.315041,15.8698,0.016,544352,
-2.49626,0.314866,15.9096,0.017,2.22904e+006,
-2.49641,0.314691,15.7067,0.018,1.38666e+007,
-2.49656,0.314516,15.2613,0.019,3.5457e+007,
-2.49671,0.314341,14.5732,0.02,6.70003e+007,
-2.49686,0.314166,13.6425,0.021,1.08496e+008,
-2.497,0.313991,12.4692,0.022,1.59945e+008,
-2.49715,0.313816,11.0533,0.023,2.21347e+008,
-2.4973,0.31364,9.39471,0.024,2.90215e+008,
-2.49745,0.313465,7.72527,0.025,367815,
-2.4976,0.31329,7.34914,0.026,3.16481e+008,
-2.49775,0.313115,4.42402,0.027,6.20995e+009,
-2.4979,0.31294,-7.65682,0.028,1.03421e+011,
-2.49805,0.312765,-53.6827,0.029,1.28426e+012,
-2.4982,0.31259,-216.962,0.03,1.65887e+013,
-2.49835,0.312415,-806.001,0.031,2.25292e+014,
-2.4985,0.31224,-3009.11,0.032,3.65664e+015,
-2.49865,0.312065,-12328,0.033,1.03489e+017,
-2.4988,0.31189,-69427.5,0.034,1.26886e+019,
-2.49895,0.311715,-957363,0.035,4.46097e+022,
-2.4991,0.31154,-1.11462e+008,0.036,2.53751e+029,
-2.49925,0.311365,-1.23339e+012,0.037,6.90895e+042,
-2.4994,0.31119,-1.4458e+020,0.038,5.08016e+069,
-2.49955,0.311015,-1.98275e+036,0.039,2.74663e+123,
-2.4997,0.31084,-3.7289e+068,0.04,8.02874e+230,
-2.49985,0.310665,-1.31889e+133,0.041,inf,
2.5,0.31049,-1.64992e+262,0.042,inf,
2.49985,0.310315,nan,0.043,nan,
2.49969,0.31014,nan,0.044,nan,
2.49954,0.309965,nan,0.045,nan,
2.49939,0.30979,nan,0.046,nan,
2.49924,0.309615,nan,0.047,nan,
2.49909,0.30944,nan,0.048,nan,
2.49894,0.309265,nan,0.049,nan,
2.49879,0.30909,nan,0.05,nan,
2.49864,0.308915,nan,0.051,nan,
2.49848,0.30874,nan,0.052,nan,
2.49833,0.308565,nan,0.053,nan,
2.49818,0.30839,nan,0.054,nan,
2.49803,0.308215,nan,0.055,nan,
2.49788,0.308039,nan,0.056,nan,
2.49773,0.307864,nan,0.057,nan,
2.49757,0.307689,nan,0.058,nan,
2.49742,0.307514,nan,0.059,nan,
2.49727,0.307339,nan,0.06,nan,
2.49712,0.307164,nan,0.061,nan,
2.49696,0.306989,nan,0.062,nan,
2.49681,0.306814,nan,0.063,nan,
2.49666,0.306639,nan,0.064,nan,
2.49651,0.306464,nan,0.065,nan,
2.49635,0.306289,nan,0.066,nan,
2.4962,0.306114,nan,0.067,nan,
2.49605,0.305939,nan,0.068,nan,
2.4959,0.305764,nan,0.069,nan,
2.49574,0.305589,nan,0.07,nan,
2.49559,0.305414,nan,0.071,nan,
2.49544,0.305239,nan,0.072,nan,
2.49528,0.305063,nan,0.073,nan,
2.49513,0.304888,nan,0.074,nan,
2.49498,0.304713,nan,0.075,nan,
2.49482,0.304538,nan,0.076,nan,
2.49467,0.304363,nan,0.077,nan,
2.49451,0.304188,nan,0.078,nan,
2.49436,0.304013,nan,0.079,nan,
2.49421,0.303838,nan,0.08,nan,
2.49405,0.303663,nan,0.081,nan,
2.4939,0.303488,nan,0.082,nan,
2.49374,0.303313,nan,0.083,nan,
2.49359,0.303138,nan,0.084,nan,
2.49344,0.302963,nan,0.085,nan,
2.49328,0.302787,nan,0.086,nan,
2.49313,0.302612,nan,0.087,nan,
2.49297,0.302437,nan,0.088,nan,
2.49282,0.302262,nan,0.089,nan,
2.49266,0.302087,nan,0.09,nan,
2.49251,0.301912,nan,0.091,nan,
2.49235,0.301737,nan,0.092,nan,
2.4922,0.301562,nan,0.093,nan,
2.49204,0.301387,nan,0.094,nan,
2.49189,0.301212,nan,0.095,nan,
2.49173,0.301037,nan,0.096,nan,
2.49158,0.300862,nan,0.097,nan,
2.49142,0.300687,nan,0.098,nan,
2.49127,0.300511,nan,0.099,nan,
2.49111,0.300336,nan,0.1,nan,
2.49096,0.300161,nan,0.101,nan,
2.4908,0.299986,nan,0.102,nan,
2.49064,0.299811,nan,0.103,nan,
2.49049,0.299636,nan,0.104,nan,
2.49033,0.299461,nan,0.105,nan,
2.49018,0.299286,nan,0.106,nan,
2.49002,0.299111,nan,0.107,nan,
2.48986,0.298936,nan,0.108,nan,
2.48971,0.298761,nan,0.109,nan,
2.48955,0.298586,nan,0.11,nan,
2.4894,0.29841,nan,0.111,nan,
2.48924,0.298235,nan,0.112,nan,
2.48908,0.29806,nan,0.113,nan,
2.48893,0.297885,nan,0.114,nan,
2.48877,0.29771,nan,0.115,nan,
2.48861,0.297535,nan,0.116,nan,
2.48846,0.29736,nan,0.117,nan,
2.4883,0.297185,nan,0.118,nan,
2.48814,0.29701,nan,0.119,nan,
2.48798,0.296835,nan,0.12,nan,
2.48783,0.296659,nan,0.121,nan,
2.48767,0.296484,nan,0.122,nan,
2.48751,0.296309,nan,0.123,nan,
2.48735,0.296134,nan,0.124,nan,
2.4872,0.295959,nan,0.125,nan,
2.48704,0.295784,nan,0.126,nan,
2.48688,0.295609,nan,0.127,nan,
2.48672,0.295434,nan,0.128,nan,
2.48657,0.295259,nan,0.129,nan,
2.48641,0.295084,nan,0.13,nan,
2.48625,0.294908,nan,0.131,nan,
2.48609,0.294733,nan,0.132,nan,
2.48593,0.294558,nan,0.133,nan,
2.48577,0.294383,nan,0.134,nan,
2.48562,0.294208,nan,0.135,nan,
2.48546,0.294033,nan,0.136,nan,
2.4853,0.293858,nan,0.137,nan,
2.48514,0.293683,nan,0.138,nan,
2.48498,0.293508,nan,0.139,nan,
2.48482,0.293332,nan,0.14,nan,
2.48466,0.293157,nan,0.141,nan,
2.4845,0.292982,nan,0.142,nan,
2.48435,0.292807,nan,0.143,nan,
2.48419,0.292632,nan,0.144,nan,
2.48403,0.292457,nan,0.145,nan,
2.48387,0.292282,nan,0.146,nan,
2.48371,0.292107,nan,0.147,nan,
2.48355,0.291931,nan,0.148,nan,
2.48339,0.291756,nan,0.149,nan,
2.48323,0.291581,nan,0.15,nan,
2.48307,0.291406,nan,0.151,nan,
2.48291,0.291231,nan,0.152,nan,
2.48275,0.291056,nan,0.153,nan,
2.48259,0.290881,nan,0.154,nan,
2.48243,0.290706,nan,0.155,nan,
2.48227,0.29053,nan,0.156,nan,
2.48211,0.290355,nan,0.157,nan,
2.48195,0.29018,nan,0.158,nan,
2.48179,0.290005,nan,0.159,nan,
2.48163,0.28983,nan,0.16,nan,
2.48147,0.289655,nan,0.161,nan,
2.48131,0.28948,nan,0.162,nan,
2.48115,0.289304,nan,0.163,nan,
2.48099,0.289129,nan,0.164,nan,
2.48082,0.288954,nan,0.165,nan,
2.48066,0.288779,nan,0.166,nan,
2.4805,0.288604,nan,0.167,nan,
2.48034,0.288429,nan,0.168,nan,
2.48018,0.288254,nan,0.169,nan,
2.48002,0.288078,nan,0.17,nan,
2.47986,0.287903,nan,0.171,nan,
2.4797,0.287728,nan,0.172,nan,
2.47953,0.287553,nan,0.173,nan,
2.47937,0.287378,nan,0.174,nan,
2.47921,0.287203,nan,0.175,nan,
2.47905,0.287027,nan,0.176,nan,
2.47889,0.286852,nan,0.177,nan,
2.47873,0.286677,nan,0.178,nan,
2.47856,0.286502,nan,0.179,nan,
2.4784,0.286327,nan,0.18,nan,
2.47824,0.286152,nan,0.181,nan,
2.47808,0.285976,nan,0.182,nan,
2.47791,0.285801,nan,0.183,nan,
2.47775,0.285626,nan,0.184,nan,
2.47759,0.285451,nan,0.185,nan,
2.47743,0.285276,nan,0.186,nan,
2.47726,0.285101,nan,0.187,nan,
2.4771,0.284925,nan,0.188,nan,
2.47694,0.28475,nan,0.189,nan,
2.47678,0.284575,nan,0.19,nan,
2.47661,0.2844,nan,0.191,nan,
2.47645,0.284225,nan,0.192,nan,
2.47629,0.28405,nan,0.193,nan,
2.47612,0.283874,nan,0.194,nan,
2.47596,0.283699,nan,0.195,nan,
2.4758,0.283524,nan,0.196,nan,
2.47563,0.283349,nan,0.197,nan,
2.47547,0.283174,nan,0.198,nan,
2.4753,0.282998,nan,0.199,nan,
2.47514,0.282823,nan,0.2,nan,
2.47498,0.282648,nan,0.201,nan,
2.47481,0.282473,nan,0.202,nan,
2.47465,0.282298,nan,0.203,nan,
2.47449,0.282123,nan,0.204,nan,
2.47432,0.281947,nan,0.205,nan,
2.47416,0.281772,nan,0.206,nan,
2.47399,0.281597,nan,0.207,nan,
2.47383,0.281422,nan,0.208,nan,
2.47366,0.281247,nan,0.209,nan,
2.4735,0.281072,nan,0.21,nan,
2.47333,0.280896,nan,0.211,nan,
2.47317,0.280721,nan,0.212,nan,
2.473,0.280546,nan,0.213,nan,
2.47284,0.280371,nan,0.214,nan,
2.47267,0.280196,nan,0.215,nan,
2.47251,0.28002,nan,0.216,nan,
2.47234,0.279845,nan,0.217,nan,
2.47218,0.27967,nan,0.218,nan,
2.47201,0.279495,nan,0.219,nan,
2.47185,0.27932,nan,0.22,nan,
2.47168,0.279144,nan,0.221,nan,
2.47152,0.278969,nan,0.222,nan,
2.47135,0.278794,nan,0.223,nan,
2.47119,0.278619,nan,0.224,nan,
2.47102,0.278444,nan,0.225,nan,
2.47085,0.278268,nan,0.226,nan,
2.47069,0.278093,nan,0.227,nan,
2.47052,0.277918,nan,0.228,nan,
2.47036,0.277743,nan,0.229,nan,
2.47019,0.277568,nan,0.23,nan,
2.47002,0.277392,nan,0.231,nan,
2.46986,0.277217,nan,0.232,nan,
2.46969,0.277042,nan,0.233,nan,
2.46952,0.276867,nan,0.234,nan,
2.46936,0.276692,nan,0.235,nan,
2.46919,0.276516,nan,0.236,nan,
2.46902,0.276341,nan,0.237,nan,
2.46886,0.276166,nan,0.238,nan,
2.46869,0.275991,nan,0.239,nan,
2.46852,0.275816,nan,0.24,nan,
2.46836,0.27564,nan,0.241,nan,
2.46819,0.275465,nan,0.242,nan,
2.46802,0.27529,nan,0.243,nan,
2.46785,0.275115,nan,0.244,nan,
2.46769,0.27494,nan,0.245,nan,
2.46752,0.274764,nan,0.246,nan,
2.46735,0.274589,nan,0.247,nan,
2.46718,0.274414,nan,0.248,nan,
2.46702,0.274239,nan,0.249,nan,
2.46685,0.274064,nan,0.25,nan,
2.46668,0.273888,nan,0.251,nan,
2.46651,0.273713,nan,0.252,nan,
2.46634,0.273538,nan,0.253,nan,
2.46618,0.273363,nan,0.254,nan,
2.46601,0.273188,nan,0.255,nan,
2.46584,0.273012,nan,0.256,nan,
2.46567,0.272837,nan,0.257,nan,
2.4655,0.272662,nan,0.258,nan,
2.46533,0.272487,nan,0.259,nan,
2.46517,0.272311,nan,0.26,nan,
2.465,0.272136,nan,0.261,nan,
2.46483,0.271961,nan,0.262,nan,
2.46466,0.271786,nan,0.263,nan,
2.46449,0.271611,nan,0.264,nan,
2.46432,0.271435,nan,0.265,nan,
2.46415,0.27126,nan,0.266,nan,
2.46398,0.271085,nan,0.267,nan,
2.46381,0.27091,nan,0.268,nan,
2.46364,0.270734,nan,0.269,nan,
2.46347,0.270559,nan,0.27,nan,
2.4633,0.270384,nan,0.271,nan,
2.46314,0.270209,nan,0.272,nan,
2.46297,0.270033,nan,0.273,nan,
2.4628,0.269858,nan,0.274,nan,
2.46263,0.269683,nan,0.275,nan,
2.46246,0.269508,nan,0.276,nan,
2.46229,0.269333,nan,0.277,nan,
2.46212,0.269157,nan,0.278,nan,
2.46195,0.268982,nan,0.279,nan,
2.46178,0.268807,nan,0.28,nan,
2.4616,0.268632,nan,0.281,nan,
2.46143,0.268456,nan,0.282,nan,
2.46126,0.268281,nan,0.283,nan,
2.46109,0.268106,nan,0.284,nan,
2.46092,0.267931,nan,0.285,nan,
2.46075,0.267755,nan,0.286,nan,
2.46058,0.26758,nan,0.287,nan,
2.46041,0.267405,nan,0.288,nan,
2.46024,0.26723,nan,0.289,nan,
2.46007,0.267054,nan,0.29,nan,
2.4599,0.266879,nan,0.291,nan,
2.45973,0.266704,nan,0.292,nan,
2.45955,0.266529,nan,0.293,nan,
2.45938,0.266353,nan,0.294,nan,
2.45921,0.266178,nan,0.295,nan,
2.45904,0.266003,nan,0.296,nan,
2.45887,0.265828,nan,0.297,nan,
2.4587,0.265652,nan,0.298,nan,
2.45852,0.265477,nan,0.299,nan,
2.45835,0.265302,nan,0.3,nan,
2.45818,0.265127,nan,0.301,nan,
2.45801,0.264951,nan,0.302,nan,
2.45784,0.264776,nan,0.303,nan,
2.45766,0.264601,nan,0.304,nan,
2.45749,0.264426,nan,0.305,nan,
2.45732,0.26425,nan,0.306,nan,
2.45715,0.264075,nan,0.307,nan,
2.45697,0.2639,nan,0.308,nan,
2.4568,0.263725,nan,0.309,nan,
2.45663,0.263549,nan,0.31,nan,
2.45646,0.263374,nan,0.311,nan,
2.45628,0.263199,nan,0.312,nan,
2.45611,0.263024,nan,0.313,nan,
2.45594,0.262848,nan,0.314,nan,
2.45576,0.262673,nan,0.315,nan,
2.45559,0.262498,nan,0.316,nan,
2.45542,0.262323,nan,0.317,nan,
2.45524,0.262147,nan,0.318,nan,
2.45507,0.261972,nan,0.319,nan,
2.4549,0.261797,nan,0.32,nan,
2.45472,0.261622,nan,0.321,nan,
2.45455,0.261446,nan,0.322,nan,
2.45438,0.261271,nan,0.323,nan,
2.4542,0.261096,nan,0.324,nan,
2.45403,0.260921,nan,0.325,nan,
2.45386,0.260745,nan,0.326,nan,
2.45368,0.26057,nan,0.327,nan,
2.45351,0.260395,nan,0.328,nan,
2.45333,0.260219,nan,0.329,nan,
2.45316,0.260044,nan,0.33,nan,
2.45298,0.259869,nan,0.331,nan,
2.45281,0.259694,nan,0.332,nan,
2.45264,0.259518,nan,0.333,nan,
2.45246,0.259343,nan,0.334,nan,
2.45229,0.259168,nan,0.335,nan,
2.45211,0.258993,nan,0.336,nan,
2.45194,0.258817,nan,0.337,nan,
2.45176,0.258642,nan,0.338,nan,
2.45159,0.258467,nan,0.339,nan,
2.45141,0.258292,nan,0.34,nan,
2.45124,0.258116,nan,0.341,nan,
2.45106,0.257941,nan,0.342,nan,
2.45089,0.257766,nan,0.343,nan,
2.45071,0.257591,nan,0.344,nan,
2.45053,0.257415,nan,0.345,nan,
2.45036,0.25724,nan,0.346,nan,
2.45018,0.257065,nan,0.347,nan,
2.45001,0.256889,nan,0.348,nan,
2.44983,0.256714,nan,0.349,nan,
2.44966,0.256539,nan,0.35,nan,
2.44948,0.256364,nan,0.351,nan,
2.4493,0.256188,nan,0.352,nan,
2.44913,0.256013,nan,0.353,nan,
2.44895,0.255838,nan,0.354,nan,
2.44877,0.255663,nan,0.355,nan,
2.4486,0.255487,nan,0.356,nan,
2.44842,0.255312,nan,0.357,nan,
2.44825,0.255137,nan,0.358,nan,
2.44807,0.254961,nan,0.359,nan,
2.44789,0.254786,nan,0.36,nan,
2.44772,0.254611,nan,0.361,nan,
2.44754,0.254436,nan,0.362,nan,
2.44736,0.25426,nan,0.363,nan,
2.44718,0.254085,nan,0.364,nan,
2.44701,0.25391,nan,0.365,nan,
2.44683,0.253735,nan,0.366,nan,
2.44665,0.253559,nan,0.367,nan,
2.44648,0.253384,nan,0.368,nan,
2.4463,0.253209,nan,0.369,nan,
2.44612,0.253033,nan,0.37,nan,
2.44594,0.252858,nan,0.371,nan,
2.44577,0.252683,nan,0.372,nan,
2.44559,0.252507,nan,0.373,nan,
2.44541,0.252332,nan,0.374,nan,
2.44523,0.252157,nan,0.375,nan,
2.44505,0.251982,nan,0.376,nan,
2.44488,0.251806,nan,0.377,nan,
2.4447,0.251631,nan,0.378,nan,
2.44452,0.251456,nan,0.379,nan,
2.44434,0.25128,nan,0.38,nan,
2.44416,0.251105,nan,0.381,nan,
2.44398,0.25093,nan,0.382,nan,
2.44381,0.250755,nan,0.383,nan,
2.44363,0.250579,nan,0.384,nan,
2.44345,0.250404,nan,0.385,nan,
2.44327,0.250229,nan,0.386,nan,
2.44309,0.250053,nan,0.387,nan,
2.44291,0.249878,nan,0.388,nan,
2.44273,0.249703,nan,0.389,nan,
2.44255,0.249527,nan,0.39,nan,
2.44237,0.249352,nan,0.391,nan,
2.4422,0.249177,nan,0.392,nan,
2.44202,0.249001,nan,0.393,nan,
2.44184,0.248826,nan,0.394,nan,
2.44166,0.248651,nan,0.395,nan,
2.44148,0.248476,nan,0.396,nan,
2.4413,0.2483,nan,0.397,nan,
2.44112,0.248125,nan,0.398,nan,
2.44094,0.24795,nan,0.399,nan,
2.44076,0.247774,nan,0.4,nan,
2.44058,0.247599,nan,0.401,nan,
2.4404,0.247424,nan,0.402,nan,
2.44022,0.247248,nan,0.403,nan,
2.44004,0.247073,nan,0.404,nan,
2.43986,0.246898,nan,0.405,nan,
2.43968,0.246722,nan,0.406,nan,
2.4395,0.246547,nan,0.407,nan,
2.43932,0.246372,nan,0.408,nan,
2.43914,0.246197,nan,0.409,nan,
2.43896,0.246021,nan,0.41,nan,
2.43877,0.245846,nan,0.411,nan,
2.43859,0.245671,nan,0.412,nan,
2.43841,0.245495,nan,0.413,nan,
2.43823,0.24532,nan,0.414,nan,
2.43805,0.245145,nan,0.415,nan,
2.43787,0.244969,nan,0.416,nan,
2.43769,0.244794,nan,0.417,nan,
2.43751,0.244619,nan,0.418,nan,
2.43733,0.244443,nan,0.419,nan,
2.43714,0.244268,nan,0.42,nan,
2.43696,0.244093,nan,0.421,nan,
2.43678,0.243917,nan,0.422,nan,
2.4366,0.243742,nan,0.423,nan,
2.43642,0.243567,nan,0.424,nan,
2.43624,0.243392,nan,0.425,nan,
2.43605,0.243216,nan,0.426,nan,
2.43587,0.243041,nan,0.427,nan,
2.43569,0.242866,nan,0.428,nan,
2.43551,0.24269,nan,0.429,nan,
2.43533,0.242515,nan,0.43,nan,
2.43514,0.24234,nan,0.431,nan,
2.43496,0.242164,nan,0.432,nan,
2.43478,0.241989,nan,0.433,nan,
2.4346,0.241814,nan,0.434,nan,
2.43441,0.241638,nan,0.435,nan,
2.43423,0.241463,nan,0.436,nan,
2.43405,0.241288,nan,0.437,nan,
2.43386,0.241112,nan,0.438,nan,
2.43368,0.240937,nan,0.439,nan,
2.4335,0.240762,nan,0.44,nan,
2.43332,0.240586,nan,0.441,nan,
2.43313,0.240411,nan,0.442,nan,
2.43295,0.240236,nan,0.443,nan,
2.43277,0.24006,nan,0.444,nan,
2.43258,0.239885,nan,0.445,nan,
2.4324,0.23971,nan,0.446,nan,
2.43222,0.239534,nan,0.447,nan,
2.43203,0.239359,nan,0.448,nan,
2.43185,0.239184,nan,0.449,nan,
2.43166,0.239008,nan,0.45,nan,
2.43148,0.238833,nan,0.451,nan,
2.4313,0.238658,nan,0.452,nan,
2.43111,0.238482,nan,0.453,nan,
2.43093,0.238307,nan,0.454,nan,
2.43074,0.238132,nan,0.455,nan,
2.43056,0.237956,nan,0.456,nan,
2.43037,0.237781,nan,0.457,nan,
2.43019,0.237605,nan,0.458,nan,
2.43001,0.23743,nan,0.459,nan,
2.42982,0.237255,nan,0.46,nan,
2.42964,0.237079,nan,0.461,nan,
2.42945,0.236904,nan,0.462,nan,
2.42927,0.236729,nan,0.463,nan,
2.42908,0.236553,nan,0.464,nan,
2.4289,0.236378,nan,0.465,nan,
2.42871,0.236203,nan,0.466,nan,
2.42853,0.236027,nan,0.467,nan,
2.42834,0.235852,nan,0.468,nan,
2.42816,0.235677,nan,0.469,nan,
2.42797,0.235501,nan,0.47,nan,
2.42779,0.235326,nan,0.471,nan,
2.4276,0.23515,nan,0.472,nan,
2.42741,0.234975,nan,0.473,nan,
2.42723,0.2348,nan,0.474,nan,
2.42704,0.234624,nan,0.475,nan,
2.42686,0.234449,nan,0.476,nan,
2.42667,0.234274,nan,0.477,nan,
2.42648,0.234098,nan,0.478,nan,
2.4263,0.233923,nan,0.479,nan,
2.42611,0.233747,nan,0.48,nan,
2.42593,0.233572,nan,0.481,nan,
2.42574,0.233397,nan,0.482,nan,
2.42555,0.233221,nan,0.483,nan,
2.42537,0.233046,nan,0.484,nan,
2.42518,0.23287,nan,0.485,nan,
2.42499,0.232695,nan,0.486,nan,
2.42481,0.23252,nan,0.487,nan,
2.42462,0.232344,nan,0.488,nan,
2.42443,0.232169,nan,0.489,nan,
2.42425,0.231994,nan,0.49,nan,
2.42406,0.231818,nan,0.491,nan,
2.42387,0.231643,nan,0.492,nan,
2.42368,0.231467,nan,0.493,nan,
2.4235,0.231292,nan,0.494,nan,
2.42331,0.231117,nan,0.495,nan,
2.42312,0.230941,nan,0.496,nan,
2.42293,0.230766,nan,0.497,nan,
2.42275,0.23059,nan,0.498,nan,
2.42256,0.230415,nan,0.499,nan,
2.42237,0.23024,nan,0.5,nan,
2.42218,0.230064,nan,0.501,nan,
2.422,0.229889,nan,0.502,nan,
2.42181,0.229713,nan,0.503,nan,
2.42162,0.229538,nan,0.504,nan,
2.42143,0.229363,nan,0.505,nan,
2.42124,0.229187,nan,0.506,nan,
2.42105,0.229012,nan,0.507,nan,
2.42087,0.228837,nan,0.508,nan,
2.42068,0.228661,nan,0.509,nan,
2.42049,0.228486,nan,0.51,nan,
2.4203,0.22831,nan,0.511,nan,
2.42011,0.228135,nan,0.512,nan,
2.41992,0.22796,nan,0.513,nan,
2.41973,0.227784,nan,0.514,nan,
2.41955,0.227609,nan,0.515,nan,
2.41936,0.227433,nan,0.516,nan,
2.41917,0.227258,nan,0.517,nan,
2.41898,0.227083,nan,0.518,nan,
2.41879,0.226907,nan,0.519,nan,
2.4186,0.226732,nan,0.52,nan,
2.41841,0.226556,nan,0.521,nan,
2.41822,0.226381,nan,0.522,nan,
2.41803,0.226206,nan,0.523,nan,
2.41784,0.22603,nan,0.524,nan,
2.41765,0.225855,nan,0.525,nan,
2.41746,0.225679,nan,0.526,nan,
2.41727,0.225504,nan,0.527,nan,
2.41708,0.225328,nan,0.528,nan,
2.41689,0.225153,nan,0.529,nan,
2.4167,0.224978,nan,0.53,nan,
2.41651,0.224802,nan,0.531,nan,
2.41632,0.224627,nan,0.532,nan,
2.41613,0.224451,nan,0.533,nan,
2.41594,0.224276,nan,0.534,nan,
2.41575,0.224101,nan,0.535,nan,
2.41556,0.223925,nan,0.536,nan,
2.41537,0.22375,nan,0.537,nan,
2.41518,0.223574,nan,0.538,nan,
2.41499,0.223399,nan,0.539,nan,
2.4148,0.223224,nan,0.54,nan,
2.41461,0.223048,nan,0.541,nan,
2.41441,0.222873,nan,0.542,nan,
2.41422,0.222697,nan,0.543,nan,
2.41403,0.222522,nan,0.544,nan,
2.41384,0.222347,nan,0.545,nan,
2.41365,0.222171,nan,0.546,nan,
2.41346,0.221996,nan,0.547,nan,
2.41327,0.22182,nan,0.548,nan,
2.41307,0.221645,nan,0.549,nan,
2.41288,0.22147,nan,0.55,nan,
2.41269,0.221294,nan,0.551,nan,
2.4125,0.221119,nan,0.552,nan,
2.41231,0.220943,nan,0.553,nan,
2.41212,0.220768,nan,0.554,nan,
2.41192,0.220592,nan,0.555,nan,
2.41173,0.220417,nan,0.556,nan,
2.41154,0.220242,nan,0.557,nan,
2.41135,0.220066,nan,0.558,nan,
2.41115,0.219891,nan,0.559,nan,
2.41096,0.219715,nan,0.56,nan,
2.41077,0.21954,nan,0.561,nan,
2.41058,0.219365,nan,0.562,nan,
2.41038,0.219189,nan,0.563,nan,
2.41019,0.219014,nan,0.564,nan,
2.41,0.218838,nan,0.565,nan,
2.40981,0.218663,nan,0.566,nan,
2.40961,0.218487,nan,0.567,nan,
2.40942,0.218312,nan,0.568,nan,
2.40923,0.218137,nan,0.569,nan,
2.40903,0.217961,nan,0.57,nan,
2.40884,0.217786,nan,0.571,nan,
2.40865,0.21761,nan,0.572,nan,
2.40845,0.217435,nan,0.573,nan,
2.40826,0.217259,nan,0.574,nan,
2.40807,0.217084,nan,0.575,nan,
2.40787,0.216908,nan,0.576,nan,
2.40768,0.216733,nan,0.577,nan,
2.40748,0.216558,nan,0.578,nan,
2.40729,0.216382,nan,0.579,nan,
2.4071,0.216207,nan,0.58,nan,
2.4069,0.216031,nan,0.581,nan,
2.40671,0.215856,nan,0.582,nan,
2.40651,0.21568,nan,0.583,nan,
2.40632,0.215505,nan,0.584,nan,
2.40613,0.21533,nan,0.585,nan,
2.40593,0.215154,nan,0.586,nan,
2.40574,0.214979,nan,0.587,nan,
2.40554,0.214803,nan,0.588,nan,
2.40535,0.214628,nan,0.589,nan,
2.40515,0.214452,nan,0.59,nan,
2.40496,0.214277,nan,0.591,nan,
2.40476,0.214101,nan,0.592,nan,
2.40457,0.213926,nan,0.593,nan,
2.40437,0.213751,nan,0.594,nan,
2.40418,0.213575,nan,0.595,nan,
2.40398,0.2134,nan,0.596,nan,
2.40379,0.213224,nan,0.597,nan,
2.40359,0.213049,nan,0.598,nan,
2.4034,0.212873,nan,0.599,nan,
2.4032,0.212698,nan,0.6,nan,
2.403,0.212522,nan,0.601,nan,
2.40281,0.212347,nan,0.602,nan,
2.40261,0.212171,nan,0.603,nan,
2.40242,0.211996,nan,0.604,nan,
2.40222,0.211821,nan,0.605,nan,
2.40203,0.211645,nan,0.606,nan,
2.40183,0.21147,nan,0.607,nan,
2.40163,0.211294,nan,0.608,nan,
2.40144,0.211119,nan,0.609,nan,
2.40124,0.210943,nan,0.61,nan,
2.40104,0.210768,nan,0.611,nan,
2.40085,0.210592,nan,0.612,nan,
2.40065,0.210417,nan,0.613,nan,
2.40045,0.210241,nan,0.614,nan,
2.40026,0.210066,nan,0.615,nan,
2.40006,0.209891,nan,0.616,nan,
2.39986,0.209715,nan,0.617,nan,
2.39967,0.20954,nan,0.618,nan,
2.39947,0.209364,nan,0.619,nan,
2.39927,0.209189,nan,0.62,nan,
2.39908,0.209013,nan,0.621,nan,
2.39888,0.208838,nan,0.622,nan,
2.39868,0.208662,nan,0.623,nan,
2.39848,0.208487,nan,0.624,nan,
2.39829,0.208311,nan,0.625,nan,
2.39809,0.208136,nan,0.626,nan,
2.39789,0.207961,nan,0.627,nan,
2.39769,0.207785,nan,0.628,nan,
2.3975,0.20761,nan,0.629,nan,
2.3973,0.207434,nan,0.63,nan,
2.3971,0.207259,nan,0.631,nan,
2.3969,0.207083,nan,0.632,nan,
2.3967,0.206908,nan,0.633,nan,
2.39651,0.206732,nan,0.634,nan,
2.39631,0.206557,nan,0.635,nan,
2.39611,0.206381,nan,0.636,nan,
2.39591,0.206206,nan,0.637,nan,
2.39571,0.206031,nan,0.638,nan,
2.39551,0.205855,nan,0.639,nan,
2.39531,0.20568,nan,0.64,nan,
2.39512,0.205504,nan,0.641,nan,
2.39492,0.205329,nan,0.642,nan,
2.39472,0.205153,nan,0.643,nan,
2.39452,0.204978,nan,0.644,nan,
2.39432,0.204802,nan,0.645,nan,
2.39412,0.204627,nan,0.646,nan,
2.39392,0.204451,nan,0.647,nan,
2.39372,0.204276,nan,0.648,nan,
2.39352,0.204101,nan,0.649,nan,
2.39332,0.203925,nan,0.65,nan,
2.39312,0.20375,nan,0.651,nan,
2.39293,0.203574,nan,0.652,nan,
2.39273,0.203399,nan,0.653,nan,
2.39253,0.203223,nan,0.654,nan,
2.39233,0.203048,nan,0.655,nan,
2.39213,0.202872,nan,0.656,nan,
2.39193,0.202697,nan,0.657,nan,
2.39173,0.202521,nan,0.658,nan,
2.39153,0.202346,nan,0.659,nan,
2.39133,0.20217,nan,0.66,nan,
2.39113,0.201995,nan,0.661,nan,
2.39093,0.20182,nan,0.662,nan,
2.39073,0.201644,nan,0.663,nan,
2.39052,0.201469,nan,0.664,nan,
2.39032,0.201293,nan,0.665,nan,
2.39012,0.201118,nan,0.666,nan,
2.38992,0.200942,nan,0.667,nan,
2.38972,0.200767,nan,0.668,nan,
2.38952,0.200591,nan,0.669,nan,
2.38932,0.200416,nan,0.67,nan,
2.38912,0.20024,nan,0.671,nan,
2.38892,0.200065,nan,0.672,nan,
2.38872,0.199889,nan,0.673,nan,
2.38852,0.199714,nan,0.674,nan,
2.38831,0.199538,nan,0.675,nan,
2.38811,0.199363,nan,0.676,nan,
2.38791,0.199187,nan,0.677,nan,
2.38771,0.199012,nan,0.678,nan,
2.38751,0.198836,nan,0.679,nan,
2.38731,0.198661,nan,0.68,nan,
2.38711,0.198486,nan,0.681,nan,
2.3869,0.19831,nan,0.682,nan,
2.3867,0.198135,nan,0.683,nan,
2.3865,0.197959,nan,0.684,nan,
2.3863,0.197784,nan,0.685,nan,
2.3861,0.197608,nan,0.686,nan,
2.38589,0.197433,nan,0.687,nan,
2.38569,0.197257,nan,0.688,nan,
2.38549,0.197082,nan,0.689,nan,
2.38529,0.196906,nan,0.69,nan,
2.38508,0.196731,nan,0.691,nan,
2.38488,0.196555,nan,0.692,nan,
2.38468,0.19638,nan,0.693,nan,
2.38448,0.196204,nan,0.694,nan,
2.38427,0.196029,nan,0.695,nan,
2.38407,0.195853,nan,0.696,nan,
2.38387,0.195678,nan,0.697,nan,
2.38366,0.195502,nan,0.698,nan,
2.38346,0.195327,nan,0.699,nan,
2.38326,0.195151,nan,0.7,nan,
2.38305,0.194976,nan,0.701,nan,
2.38285,0.1948,nan,0.702,nan,
2.38265,0.194625,nan,0.703,nan,
2.38244,0.194449,nan,0.704,nan,
2.38224,0.194274,nan,0.705,nan,
2.38204,0.194098,nan,0.706,nan,
2.38183,0.193922,nan,0.707,nan,
2.38163,0.193747,nan,0.708,nan,
2.38142,0.193571,nan,0.709,nan,
2.38122,0.193396,nan,0.71,nan,
2.38102,0.19322,nan,0.711,nan,
2.38081,0.193045,nan,0.712,nan,
2.38061,0.192869,nan,0.713,nan,
2.3804,0.192694,nan,0.714,nan,
2.3802,0.192518,nan,0.715,nan,
2.38,0.192343,nan,0.716,nan,
2.37979,0.192167,nan,0.717,nan,
2.37959,0.191992,nan,0.718,nan,
2.37938,0.191816,nan,0.719,nan,
2.37918,0.191641,nan,0.72,nan,
2.37897,0.191465,nan,0.721,nan,
2.37877,0.19129,nan,0.722,nan,
2.37856,0.191114,nan,0.723,nan,
2.37836,0.190939,nan,0.724,nan,
2.37815,0.190763,nan,0.725,nan,
2.37795,0.190588,nan,0.726,nan,
2.37774,0.190412,nan,0.727,nan,
2.37754,0.190237,nan,0.728,nan,
2.37733,0.190061,nan,0.729,nan,
2.37713,0.189886,nan,0.73,nan,
2.37692,0.18971,nan,0.731,nan,
2.37671,0.189535,nan,0.732,nan,
2.37651,0.189359,nan,0.733,nan,
2.3763,0.189184,nan,0.734,nan,
2.3761,0.189008,nan,0.735,nan,
2.37589,0.188833,nan,0.736,nan,
2.37568,0.188657,nan,0.737,nan,
2.37548,0.188482,nan,0.738,nan,
2.37527,0.188306,nan,0.739,nan,
2.37507,0.188131,nan,0.74,nan,
2.37486,0.187955,nan,0.741,nan,
2.37465,0.187779,nan,0.742,nan,
2.37445,0.187604,nan,0.743,nan,
2.37424,0.187428,nan,0.744,nan,
2.37403,0.187253,nan,0.745,nan,
2.37383,0.187077,nan,0.746,nan,
2.37362,0.186902,nan,0.747,nan,
2.37341,0.186726,nan,0.748,nan,
2.37321,0.186551,nan,0.749,nan,
2.373,0.186375,nan,0.75,nan,
2.37279,0.1862,nan,0.751,nan,
2.37259,0.186024,nan,0.752,nan,
2.37238,0.185849,nan,0.753,nan,
2.37217,0.185673,nan,0.754,nan,
2.37196,0.185498,nan,0.755,nan,
2.37176,0.185322,nan,0.756,nan,
2.37155,0.185147,nan,0.757,nan,
2.37134,0.184971,nan,0.758,nan,
2.37113,0.184796,nan,0.759,nan,
2.37093,0.18462,nan,0.76,nan,
2.37072,0.184445,nan,0.761,nan,
2.37051,0.184269,nan,0.762,nan,
2.3703,0.184094,nan,0.763,nan,
2.37009,0.183918,nan,0.764,nan,
2.36989,0.183743,nan,0.765,nan,
2.36968,0.183567,nan,0.766,nan,
2.36947,0.183391,nan,0.767,nan,
2.36926,0.183216,nan,0.768,nan,
2.36905,0.18304,nan,0.769,nan,
2.36884,0.182865,nan,0.77,nan,
2.36864,0.182689,nan,0.771,nan,
2.36843,0.182514,nan,0.772,nan,
2.36822,0.182338,nan,0.773,nan,
2.36801,0.182163,nan,0.774,nan,
2.3678,0.181987,nan,0.775,nan,
2.36759,0.181812,nan,0.776,nan,
2.36738,0.181636,nan,0.777,nan,
2.36717,0.181461,nan,0.778,nan,
2.36696,0.181285,nan,0.779,nan,
2.36676,0.18111,nan,0.78,nan,
2.36655,0.180934,nan,0.781,nan,
2.36634,0.180759,nan,0.782,nan,
2.36613,0.180583,nan,0.783,nan,
2.36592,0.180407,nan,0.784,nan,
2.36571,0.180232,nan,0.785,nan,
2.3655,0.180056,nan,0.786,nan,
2.36529,0.179881,nan,0.787,nan,
2.36508,0.179705,nan,0.788,nan,
2.36487,0.17953,nan,0.789,nan,
2.36466,0.179354,nan,0.79,nan,
2.36445,0.179179,nan,0.791,nan,
2.36424,0.179003,nan,0.792,nan,
2.36403,0.178828,nan,0.793,nan,
2.36382,0.178652,nan,0.794,nan,
2.36361,0.178477,nan,0.795,nan,
2.3634,0.178301,nan,0.796,nan,
2.36319,0.178125,nan,0.797,nan,
2.36298,0.17795,nan,0.798,nan,
2.36277,0.177774,nan,0.799,nan,
2.36256,0.177599,nan,0.8,nan,
2.36234,0.177423,nan,0.801,nan,
2.36213,0.177248,nan,0.802,nan,
2.36192,0.177072,nan,0.803,nan,
2.36171,0.176897,nan,0.804,nan,
2.3615,0.176721,nan,0.805,nan,
2.36129,0.176546,nan,0.806,nan,
2.36108,0.17637,nan,0.807,nan,
2.36087,0.176195,nan,0.808,nan,
2.36066,0.176019,nan,0.809,nan,
2.36044,0.175843,nan,0.81,nan,
2.36023,0.175668,nan,0.811,nan,
2.36002,0.175492,nan,0.812,nan,
2.35981,0.175317,nan,0.813,nan,
2.3596,0.175141,nan,0.814,nan,
2.35939,0.174966,nan,0.815,nan,
2.35917,0.17479,nan,0.816,nan,
2.35896,0.174615,nan,0.817,nan,
2.35875,0.174439,nan,0.818,nan,
2.35854,0.174264,nan,0.819,nan,
2.35833,0.174088,nan,0.82,nan,
2.35811,0.173912,nan,0.821,nan,
2.3579,0.173737,nan,0.822,nan,
2.35769,0.173561,nan,0.823,nan,
2.35748,0.173386,nan,0.824,nan,
2.35726,0.17321,nan,0.825,nan,
2.35705,0.173035,nan,0.826,nan,
2.35684,0.172859,nan,0.827,nan,
2.35663,0.172684,nan,0.828,nan,
2.35641,0.172508,nan,0.829,nan,
2.3562,0.172332,nan,0.83,nan,
2.35599,0.172157,nan,0.831,nan,
2.35577,0.171981,nan,0.832,nan,
2.35556,0.171806,nan,0.833,nan,
2.35535,0.17163,nan,0.834,nan,
2.35513,0.171455,nan,0.835,nan,
2.35492,0.171279,nan,0.836,nan,
2.35471,0.171104,nan,0.837,nan,
2.35449,0.170928,nan,0.838,nan,
2.35428,0.170753,nan,0.839,nan,
2.35407,0.170577,nan,0.84,nan,
2.35385,0.170401,nan,0.841,nan,
2.35364,0.170226,nan,0.842,nan,
2.35342,0.17005,nan,0.843,nan,
2.35321,0.169875,nan,0.844,nan,
2.353,0.169699,nan,0.845,nan,
2.35278,0.169524,nan,0.846,nan,
2.35257,0.169348,nan,0.847,nan,
2.35235,0.169173,nan,0.848,nan,
2.35214,0.168997,nan,0.849,nan,
2.35193,0.168822,nan,0.85,nan,
2.35171,0.168646,nan,0.851,nan,
2.3515,0.16847,nan,0.852,nan,
2.35128,0.168295,nan,0.853,nan,
2.35107,0.168119,nan,0.854,nan,
2.35085,0.167944,nan,0.855,nan,
2.35064,0.167768,nan,0.856,nan,
2.35042,0.167593,nan,0.857,nan,
2.35021,0.167417,nan,0.858,nan,
2.34999,0.167242,nan,0.859,nan,
2.34978,0.167066,nan,0.86,nan,
2.34956,0.16689,nan,0.861,nan,
2.34935,0.166715,nan,0.862,nan,
2.34913,0.166539,nan,0.863,nan,
2.34892,0.166364,nan,0.864,nan,
2.3487,0.166188,nan,0.865,nan,
2.34848,0.166013,nan,0.866,nan,
2.34827,0.165837,nan,0.867,nan,
2.34805,0.165661,nan,0.868,nan,
2.34784,0.165486,nan,0.869,nan,
2.34762,0.16531,nan,0.87,nan,
2.34741,0.165135,nan,0.871,nan,
2.34719,0.164959,nan,0.872,nan,
2.34697,0.164784,nan,0.873,nan,
2.34676,0.164608,nan,0.874,nan,
2.34654,0.164432,nan,0.875,nan,
2.34632,0.164257,nan,0.876,nan,
2.34611,0.164081,nan,0.877,nan,
2.34589,0.163906,nan,0.878,nan,
2.34568,0.16373,nan,0.879,nan,
2.34546,0.163555,nan,0.88,nan,
2.34524,0.163379,nan,0.881,nan,
2.34503,0.163204,nan,0.882,nan,
2.34481,0.163028,nan,0.883,nan,
2.34459,0.162852,nan,0.884,nan,
2.34437,0.162677,nan,0.885,nan,
2.34416,0.162501,nan,0.886,nan,
2.34394,0.162326,nan,0.887,nan,
2.34372,0.16215,nan,0.888,nan,
2.34351,0.161975,nan,0.889,nan,
2.34329,0.161799,nan,0.89,nan,
2.34307,0.161623,nan,0.891,nan,
2.34285,0.161448,nan,0.892,nan,
2.34264,0.161272,nan,0.893,nan,
2.34242,0.161097,nan,0.894,nan,
2.3422,0.160921,nan,0.895,nan,
2.34198,0.160746,nan,0.896,nan,
2.34177,0.16057,nan,0.897,nan,
2.34155,0.160394,nan,0.898,nan,
2.34133,0.160219,nan,0.899,nan,
2.34111,0.160043,nan,0.9,nan,
2.34089,0.159868,nan,0.901,nan,
2.34067,0.159692,nan,0.902,nan,
2.34046,0.159517,nan,0.903,nan,
2.34024,0.159341,nan,0.904,nan,
2.34002,0.159165,nan,0.905,nan,
2.3398,0.15899,nan,0.906,nan,
2.33958,0.158814,nan,0.907,nan,
2.33936,0.158639,nan,0.908,nan,
2.33915,0.158463,nan,0.909,nan,
2.33893,0.158287,nan,0.91,nan,
2.33871,0.158112,nan,0.911,nan,
2.33849,0.157936,nan,0.912,nan,
2.33827,0.157761,nan,0.913,nan,
2.33805,0.157585,nan,0.914,nan,
2.33783,0.15741,nan,0.915,nan,
2.33761,0.157234,nan,0.916,nan,
2.33739,0.157058,nan,0.917,nan,
2.33717,0.156883,nan,0.918,nan,
2.33695,0.156707,nan,0.919,nan,
2.33673,0.156532,nan,0.92,nan,
2.33651,0.156356,nan,0.921,nan,
2.33629,0.15618,nan,0.922,nan,
2.33607,0.156005,nan,0.923,nan,
2.33586,0.155829,nan,0.924,nan,
2.33564,0.155654,nan,0.925,nan,
2.33542,0.155478,nan,0.926,nan,
2.3352,0.155303,nan,0.927,nan,
2.33497,0.155127,nan,0.928,nan,
2.33475,0.154951,nan,0.929,nan,
2.33453,0.154776,nan,0.93,nan,
2.33431,0.1546,nan,0.931,nan,
2.33409,0.154425,nan,0.932,nan,
2.33387,0.154249,nan,0.933,nan,
2.33365,0.154073,nan,0.934,nan,
2.33343,0.153898,nan,0.935,nan,
2.33321,0.153722,nan,0.936,nan,
2.33299,0.153547,nan,0.937,nan,
2.33277,0.153371,nan,0.938,nan,
2.33255,0.153196,nan,0.939,nan,
2.33233,0.15302,nan,0.94,nan,
2.33211,0.152844,nan,0.941,nan,
2.33189,0.152669,nan,0.942,nan,
2.33166,0.152493,nan,0.943,nan,
2.33144,0.152318,nan,0.944,nan,
2.33122,0.152142,nan,0.945,nan,
2.331,0.151966,nan,0.946,nan,
2.33078,0.151791,nan,0.947,nan,
2.33056,0.151615,nan,0.948,nan,
2.33034,0.15144,nan,0.949,nan,
2.33011,0.151264,nan,0.95,nan,
2.32989,0.151088,nan,0.951,nan,
2.32967,0.150913,nan,0.952,nan,
2.32945,0.150737,nan,0.953,nan,
2.32923,0.150562,nan,0.954,nan,
2.329,0.150386,nan,0.955,nan,
2.32878,0.150211,nan,0.956,nan,
2.32856,0.150035,nan,0.957,nan,
2.32834,0.149859,nan,0.958,nan,
2.32811,0.149684,nan,0.959,nan,
2.32789,0.149508,nan,0.96,nan,
2.32767,0.149333,nan,0.961,nan,
2.32745,0.149157,nan,0.962,nan,
2.32722,0.148981,nan,0.963,nan,
2.327,0.148806,nan,0.964,nan,
2.32678,0.14863,nan,0.965,nan,
2.32656,0.148455,nan,0.966,nan,
2.32633,0.148279,nan,0.967,nan,
2.32611,0.148103,nan,0.968,nan,
2.32589,0.147928,nan,0.969,nan,
2.32566,0.147752,nan,0.97,nan,
2.32544,0.147577,nan,0.971,nan,
2.32522,0.147401,nan,0.972,nan,
2.32499,0.147226,nan,0.973,nan,
2.32477,0.14705,nan,0.974,nan,
2.32455,0.146874,nan,0.975,nan,
2.32432,0.146699,nan,0.976,nan,
2.3241,0.146523,nan,0.977,nan,
2.32388,0.146348,nan,0.978,nan,
2.32365,0.146172,nan,0.979,nan,
2.32343,0.145996,nan,0.98,nan,
2.3232,0.145821,nan,0.981,nan,
2.32298,0.145645,nan,0.982,nan,
2.32276,0.14547,nan,0.983,nan,
2.32253,0.145294,nan,0.984,nan,
2.32231,0.145119,nan,0.985,nan,
2.32208,0.144943,nan,0.986,nan,
2.32186,0.144767,nan,0.987,nan,
2.32163,0.144592,nan,0.988,nan,
2.32141,0.144416,nan,0.989,nan,
2.32118,0.144241,nan,0.99,nan,
2.32096,0.144065,nan,0.991,nan,
2.32073,0.143889,nan,0.992,nan,
2.32051,0.143714,nan,0.993,nan,
2.32029,0.143538,nan,0.994,nan,
2.32006,0.143363,nan,0.995,nan,
2.31984,0.143187,nan,0.996,nan,
2.31961,0.143012,nan,0.997,nan,
2.31938,0.142836,nan,0.998,nan,
2.31916,0.14266,nan,0.999,nan,
2.31893,0.142485,nan,1,nan,
